<?xml version="1.0" encoding="UTF-8"?>
<import-request xmlns="http://www.phi01tech.com/tools/data-import" xmlns:xsi="http://www.w3.org/2001/XMLSchema-instance"
	xsi:schemaLocation="http://www.phi01tech.com/tools/data-import data-import.xsd ">
	<connection-settings>
		<username>root</username>
		<password>1234</password>
		<url>jdbc:mysql://localhost:3306/sample</url>
		<driverClassName>com.mysql.jdbc.Driver</driverClassName>
	</connection-settings>
	<data>
		<departments dept_no="d00900000" dept_name="Customer Service" />
		<departments dept_no="d00500000" dept_name="Development" />
	</data>
</import-request>